,index,player_name
0,0,lukarpov
1,1,danny77
2,2,cagliostro97
3,3,hugues2908
4,4,arda2828
5,5,ya_boy_agent
6,6,mohammad_baharan
7,7,an73r05
8,8,gjdgjdfj
9,9,jpokerflat
10,10,dfdghgh
11,11,laurenzchess
12,12,alfdl
13,13,totti
14,14,pecatur17an
15,15,lance5500
16,16,jackdouxx
17,17,wolf1108
18,18,sud3457
19,19,youknowwho_79
20,20,oldpaths
21,21,astueven7
22,22,hansdampf
23,23,youralterego
24,24,trial-__gre
25,25,runcrazex
26,26,hamidreza
27,27,vrg2311
28,28,irispseudonym
29,29,greenmachine
30,30,agmur
31,31,bringue
32,32,philipgraphics
33,33,ranko898
34,34,paulll
35,35,alandeejay
36,36,marlon6109
37,37,tjwds
38,38,ilkerk
39,39,gasdvbn
40,40,barrow-wight
41,41,wojand
42,42,redder
43,43,alpha3031
44,44,penguin100
45,45,isuckatchess91
46,46,craciun05
47,47,romanar2006
48,48,kingsmagician
49,49,martbryde
50,50,hopewins
51,51,per1966
52,52,oguzkagangurer
53,53,indignantary
54,54,marstem
55,55,zugaddict
56,56,wikiplayschess
57,57,bilel16
58,58,ezatfoda
59,59,tong1995
60,60,darobertson
61,61,snoopyfan
62,62,salosalo1
63,63,kyanh
64,64,chesspopper88
65,65,antitexnik
66,66,lordsamir
67,67,systemd
68,68,shiva1789
69,69,chesscarl
70,70,grundlesniffer
71,71,gomex
72,72,stergioos
73,73,mrcrusher
74,74,ramin741
75,75,ducksandcats
76,76,leizka
77,77,evan_h1234
78,78,theboss101
79,79,babblingboy
80,80,that_kid24
81,81,shadowdatsas
82,82,torri_tentori
83,83,adatene
84,84,cnopm
85,85,acidkat930
86,86,ravoshm
87,87,ca-va-lier
88,88,eideral
89,89,chess_pro_107
90,90,jorgeluis08
91,91,networkchess2
92,92,saitama_opm
93,93,zacandcheese
94,94,xlmichael
95,95,kellyclarkson
96,96,minecraftbook
97,97,mobin1388
98,98,nico1990
99,99,theking1234
100,100,wiktor_dudkiewicz
101,101,destroyer999
102,102,vivacaligula
103,103,jose63
104,104,harmon758
105,105,mashi
106,106,sansthecomic
107,107,jlb78
108,108,xinos
109,109,justinlew99
110,110,blessedup
111,111,eder98765
112,112,armourbuddy
113,113,the_real_pine_tree
114,114,harveyfu
115,115,jermius
116,116,daerka
117,117,behrooz36tehran
118,118,petarbosnjak
119,119,bluejaymo
120,120,jbh7
121,121,kerboodle
122,122,thelordoftheboard
123,123,lextop
124,124,mtnmcallister
125,125,dnowchess
126,126,izzlanfarischess
127,127,thefrenchtactics
128,128,palladio
129,129,yht
130,130,h_kand
131,131,mrmandelbrot
132,132,ozil17
133,133,zoerichi
134,134,jrandmaster
135,135,spcwby
136,136,fmtabriz
137,137,scorchedturf
138,138,juncinmestrella
139,139,denisgodunov
140,140,rusoleg1
141,141,bobc
142,142,mburch1974
143,143,gameboymaster49899
144,144,majid81
145,145,bilbobaggins999
146,146,sam7neeee
147,147,jdimojc
148,148,fazouane
149,149,tandemchess
150,150,moistvonlipwig
151,151,towhen
152,152,mysterious_expert
153,153,shaeila89
154,154,forevervision
155,155,viktorr
156,156,kimmmmi060
157,157,josevilar
158,158,jeepitou
159,159,triskorg
160,160,lodzianin
161,161,futuro_gm22
162,162,majid141
163,163,qqqirmantas
164,164,amazingfoxtrot
165,165,toitles
166,166,sharkey101
167,167,chessfailurenoob
168,168,lesauteurdeclasse
169,169,chaose
170,170,danielmop
171,171,dumbluck
172,172,danielgraham88
173,173,tunisinov
174,174,thegasmask
175,175,baranornarli
176,176,chuckrh
177,177,ultranice
178,178,assasin_creep
179,179,cantona85
180,180,mrjv
181,181,bravegamer123
182,182,rileyjanquart
183,183,docboss
184,184,vanirof
185,185,lzchips
186,186,axim188
187,187,riverside_monkey
188,188,zoro94
189,189,srinathpads
190,190,maciek1959
191,191,lebeast101
192,192,waltersafarian
193,193,ianremsen
194,194,lkasperbauer
195,195,aeilnrst
196,196,svindled
197,197,smilsydov
198,198,wpc96
199,199,chita
200,200,pfshawns
201,201,aleph00
202,202,omar_naguib
203,203,cadaca1
204,204,arishikesh
205,205,matty_sweetnuts
206,206,hamed5058
207,207,dumb_robot
208,208,patrizio67
209,209,cameronl86
210,210,scooberftw
211,211,amithchess
212,212,wiggleitjiggleit
213,213,jeronemo12345
214,214,exoprimal
215,215,angel2006
216,216,staccato_allegro
217,217,motion
218,218,honza7
219,219,knightbot
220,220,pogo123
221,221,potshot
222,222,cracking12345
223,223,gr3ch
224,224,bat_of_doom
225,225,maxwell_can
226,226,fairygirl
227,227,joe-brown
228,228,mandre
229,229,alwayscheckmated
230,230,rh-sah
231,231,makar_batulin
232,232,burks
233,233,satanrogue99
234,234,spikyturtle
235,235,shadowslord
236,236,nicholas130
237,237,ethanhxyz829
238,238,sheik_yerbouti
239,239,vishwathg
240,240,slava010976
241,241,shadow1031
242,242,xstorm59
243,243,otari
244,244,everybodylovesjesus
245,245,egor_korsakov
246,246,dazkins
247,247,batusai809
248,248,vishalvasans1
249,249,o-king-o
250,250,trx
251,251,srinikhil963
252,252,alpervsmagnus
253,253,pavelsps
254,254,edessipi
255,255,yellow_dragon
256,256,vit216
257,257,madleotindas
258,258,sinasepehr
259,259,sasmitha
260,260,mathu21345
261,261,oceanicharvest
262,262,butterlandz
263,263,eightx8
264,264,koryakinrus
265,265,jmzeut
266,266,sorethea
267,267,flashundtibbers
268,268,sagansaxo
269,269,mr_zilgaze
270,270,tangela
271,271,tahastanly
272,272,nitsua49
273,273,tanganika
274,274,borntexan
275,275,hisokaxhunter
276,276,ludast
277,277,raxis
278,278,blazingheart
279,279,leps000
280,280,ali_barcelona
281,281,cfc52
282,282,hackov
283,283,corol
284,284,samoo1477
285,285,dahabi
286,286,carlosamadorsanchez
287,287,italiantranslator
288,288,mimirilinguis
289,289,jamila1234
290,290,warera
291,291,lacrome
292,292,gijoel749
293,293,smchess999
294,294,canexd
295,295,mikroft
296,296,eche777
297,297,hamedbriki
298,298,emmasocool
299,299,andreas00
300,300,cuxhaven
301,301,emigrate
302,302,aldaarqt
303,303,mrzoom47
304,304,szachysta
305,305,bigbrother101
306,306,mitkonikov
307,307,chez91
308,308,mika2012
309,309,aragon26
310,310,jojo58
311,311,laode_syahril
312,312,beamall
313,313,redwood
314,314,hishamtheman
315,315,asianindahouse
316,316,verylongusername
317,317,daniel_likes_chess
318,318,chessfishers
319,319,ariankiamahdi
320,320,energique
321,321,monah11
322,322,avelez8
323,323,maximusod
324,324,teatime007
325,325,kingsoutforharambe
326,326,youredeadmeat
327,327,mineralkin
328,328,instriker
329,329,victress
330,330,darrell300
331,331,carson_wells
332,332,chenla
333,333,wolfdomination
334,334,islam01
335,335,simplymaster
336,336,heydar
337,337,weskin
338,338,rpathak01
339,339,anejbegunje
340,340,narges123
341,341,sara_z_1396
342,342,alakard
343,343,howichok
344,344,omid27
345,345,sanchitkaushal
346,346,mehmetali_t
347,347,theicemanv
348,348,nexovec
349,349,ri_chess
350,350,q_ban
351,351,daniamurashov
352,352,hightwaytohell
353,353,madi1691
354,354,mailsupriya
355,355,noob47
356,356,michaelfield
357,357,carrotop
358,358,kardsalan
359,359,bernabe
360,360,larevanche
361,361,plausibletheory
362,362,trrrrillionaire
363,363,alvarovix
364,364,king-_-micah
365,365,awesomenessrichard
366,366,cesar1945
367,367,picchiolu
368,368,roman12342005
369,369,fox26666
370,370,jarrydlee
371,371,bishopson
372,372,cserpesgabo
373,373,butledge
374,374,minhad
375,375,saim
376,376,jutton1
377,377,hill_j
378,378,seanngo53
379,379,matemaatiikkabrah
380,380,ryukan
381,381,noobdude
382,382,jovan_kingofkings
383,383,cmcookiemonster
384,384,deepblueincarnate
385,385,rilesw
386,386,sarthakmanna
387,387,sp37578
388,388,isachess
389,389,palaplay
390,390,edu_r
391,391,pageprotector
392,392,davilaff
393,393,klip98
394,394,titus369
395,395,yesconnor
396,396,lizimari
397,397,partiallyundead
398,398,die_uhr
399,399,dharanidharan
400,400,e6d4
401,401,wilinski_28
402,402,coco31
403,403,chrisca408
404,404,plam
405,405,brandonbos
406,406,pocin1
407,407,jhonthoth
408,408,amazingdiamonds1
409,409,crixin
410,410,michalfa
411,411,mahmoud-0
412,412,thecastle
413,413,saintroge
414,414,schoonied
415,415,sneaky_bugger
416,416,meekrose
417,417,jdbarger
418,418,rudrresh
419,419,neilgally
420,420,-l-_jedi_knight_-l-
421,421,dricamagra
422,422,alexanderar1977
423,423,sleepez
424,424,caernarfon
425,425,yugesh_naidu
426,426,udav202
427,427,corruptbishop
428,428,releasethebats
429,429,dimak8
430,430,dkattir
431,431,majorwarren
432,432,john007
433,433,seciyeli
434,434,critico-82
435,435,gerceker200
436,436,sparkyman
437,437,v_clava38
438,438,adriansywu
439,439,laughingman22
440,440,hash_13-chess
441,441,sjamal99
442,442,rex123
443,443,mazpharaoh
444,444,nimanimanima
445,445,pat222
446,446,carlosestr
447,447,thesneakyolive
448,448,mra_py
449,449,ilias2
450,450,katerina1965
451,451,element04519
452,452,eldiablo5
453,453,bet
454,454,inuit_nunaat
455,455,cooldude1200
456,456,ranchowangdu
457,457,stylishplyr
458,458,piley159
459,459,nigelnaomi
460,460,shivangithegenius
461,461,amadofranco2016
462,462,nicholas9999
463,463,bigbiscuit599
464,464,olorinn
465,465,fabian1104
466,466,hassan1365416
467,467,gourang
468,468,andybar
469,469,sdmabunda
470,470,chessguy9001
471,471,redevening
472,472,vasiliskap2000
473,473,magnus_dong
474,474,camelclutcher
475,475,piranava
476,476,chesshedron
477,477,hus1972
478,478,unicornz
479,479,bosi01
480,480,paulorojas
481,481,klexus
482,482,mariobb
483,483,izi08
484,484,grsa
485,485,ur2ez4me
486,486,gamingprof
487,487,pablopereyra
488,488,willoh101
489,489,stitch_13
490,490,tux09
491,491,nikitosspb
492,492,ivan_2009
493,493,catire25
494,494,jdy
495,495,businessman47
496,496,lelik3310
497,497,saviter
498,498,valeriy56
499,499,jzcarr55
500,500,nobodyreally
501,501,seifca90
502,502,tori92
503,503,wall-of-shields
504,504,jesteroz
505,505,tokbora
506,506,icewolf4
507,507,slowpoke123
508,508,williamzhi
509,509,dedy78
510,510,saeed65
511,511,yotastrejos
512,512,thebestofthebad
513,513,shiwen
514,514,chess_king3
515,515,samuelpro
516,516,frankie0909
517,517,mac2224
518,518,solidchess_hehe
519,519,rb52
520,520,erdugliano71
521,521,poetrunner
522,522,caniche7
523,523,christina-a-11
524,524,mikiduda
525,525,tensors
526,526,juanma206
527,527,brorael357
528,528,artgalai11
529,529,vikrant_dalvi
530,530,piroz_xucestih
531,531,morgane10
532,532,brahim333
533,533,gr8_m8_m8_im_ir8
534,534,flamingwind
535,535,kingscrusher-youtube
536,536,cemki22
537,537,paulrizzi
538,538,likechesss
539,539,miroslav1948
540,540,ppm
541,541,josephelbouhessaini
542,542,scorpion2248
543,543,superhero098
544,544,robixy
545,545,vertis9016
546,546,ledaua
547,547,derspiegel
548,548,vzg100
549,549,vkrish
550,550,valibulin
551,551,xapoh
552,552,justanotherguy321
553,553,delson
554,554,sjeiben
555,555,amateur_pawn_star
556,556,kraloyun
557,557,skulll1
558,558,axes
559,559,dantesmontecristo
560,560,fourtwenty
561,561,incompetentf
562,562,jonhnyorion
563,563,knight_knemesis
564,564,rustam9
565,565,dadt505
566,566,kiii
567,567,mukrisp
568,568,golal
569,569,taranga
570,570,blokh1n
571,571,meccanoidg15
572,572,kasparovd0311
573,573,konstantindn
574,574,kylarr
575,575,thony-ghali
576,576,angelokzx
577,577,luckyxthirteen
578,578,om1665061
579,579,lichessfiend
580,580,kozlov
581,581,kopr
582,582,soulman2001
583,583,zito_olaybal_jr
584,584,chessvariants
585,585,lawrenman
586,586,a_p_t_e_m_u_u
587,587,aleroniponi
588,588,mucizeci
589,589,bobbyevans
590,590,viswannabe
591,591,holyship
592,592,strahinja10
593,593,beepbeepimajeep
594,594,kilgour22
595,595,yokocito
596,596,fasd
597,597,victorbrz
598,598,manrod420
599,599,slaying_queen
600,600,blazingdragon
601,601,tanjerry
602,602,busy
603,603,aky94536
604,604,saladrocket
605,605,curry117
606,606,pouyandp
607,607,kaji_djagal
608,608,ranger440
609,609,chees29
610,610,frank01
611,611,bulldogfan1998
612,612,ammanian
613,613,custommods
614,614,d_war
615,615,cerseisminge
616,616,mathmagician
617,617,artykom
618,618,meme_master
619,619,maiden07
620,620,danko_25
621,621,hknight_chess
622,622,crraii
623,623,vchess4
624,624,gunsti
625,625,rodrigowski19
626,626,kishomat
627,627,marik1914
628,628,mhamed_basti
629,629,tony995
630,630,great-mate-super-gre
631,631,revhas
632,632,astronautearl101
633,633,scardanelli
634,634,gkhnkrdmr
635,635,dkorezin5
636,636,dijkstra
637,637,austindecoder
638,638,paddy1992
639,639,grandmasterblr
640,640,projetoxadrez
641,641,dimitris22
642,642,monia7887
643,643,lykos321
644,644,physicist1993
645,645,keiwan
646,646,xblazin_grape
647,647,davidc87
648,648,thebasicgru
649,649,hannibal66
650,650,chummers249
651,651,capadoc
652,652,franco47
653,653,cuazar
654,654,striker123
655,655,lolmens
656,656,myxavi4
657,657,posra
658,658,elvis1997
659,659,mikhail_riemann
660,660,sazed
661,661,artem555
662,662,moon50
663,663,maximillian_08
664,664,crax_is_bax
665,665,chessguy9002
666,666,thesnare
667,667,totonut
668,668,rtcxks
669,669,chessmageddon
670,670,mastersalomon
671,671,ashok-arora
672,672,sgbarrys
673,673,bekzodjon
674,674,xxmlgswegxx
675,675,mmichael
676,676,lolrager
677,677,gmanderson
678,678,shieldandsword88
679,679,aynaz22
680,680,gaymanipulation
681,681,arunava10
682,682,kirklar
683,683,andreschil
684,684,gianflisi
685,685,bleda
686,686,nknyazev
687,687,twipply
688,688,not-cheating
689,689,dylangaming1
690,690,chicago_chess
691,691,clousems
692,692,nur0c
693,693,nolp
694,694,dav54
695,695,quantummequanic
696,696,thepawnsofwrath
697,697,thegrim123321
698,698,karsh
699,699,habboush
700,700,mauornelas
701,701,rhysmc123
702,702,thechuff
703,703,gingerthecookie
704,704,anotherchessplayer1
705,705,williamyen
706,706,justlikemusic
707,707,berder
708,708,shahidhuss
709,709,airyneon
710,710,amayak
711,711,sabila
712,712,lionnessebim1
713,713,dsom1234
714,714,qball
715,715,kaykay123
716,716,ed84
717,717,mesagh_ir
718,718,whzgud
719,719,jamboger
720,720,jtg2016
721,721,juozaskaz
722,722,antonios
723,723,binthaily
724,724,tacticalwizard1
725,725,jennywooz
726,726,gordonshimm
727,727,thelostunicorn
728,728,hd_aslani
729,729,raman1
730,730,boberarena
731,731,benedictine
732,732,rajuppi
733,733,niftyleopard
734,734,thorfabian
735,735,michael_hackett
736,736,divu7
737,737,ioansanders
738,738,kn89
739,739,raskoinikov
740,740,mcdaman
741,741,whyshy
742,742,chesspolio
743,743,schneetatze
744,744,nash300
745,745,chesskhovtsev
746,746,webkin
747,747,dico-hd
748,748,b-max211
749,749,dragonslayer04
750,750,phileasfrog
751,751,elgranmaestro
752,752,brasid
753,753,oldone69
754,754,cape217
755,755,lordofking
756,756,vinxitv
757,757,chesswith666
758,758,eie24
759,759,userx100
760,760,aaaaaaaddd
761,761,m8ryx
762,762,nomatter9230
763,763,vladimir-kramnik-1
764,764,serial__chiller
765,765,karmaboanil
766,766,krishchennai93
767,767,drakon1
768,768,basakcesur
769,769,aimzzz
770,770,run5k
771,771,skillz_rekt
772,772,shmulke
773,773,crusova_35
774,774,jayblackington
775,775,chevere17
776,776,vudo1012
777,777,ucantcmeok
778,778,wqf7
779,779,eagle77
780,780,axelpro446
781,781,academicninja99
782,782,raesremmurd
783,783,baebraham
784,784,riverroad
785,785,chases
786,786,moty1
787,787,zilic1
788,788,agri1989
789,789,timeisrelativ
790,790,samwmsrachel
791,791,chesstime107
792,792,ivanbus
793,793,martinlutherking
794,794,masterzyd
795,795,bubba83
796,796,alfredgjoncari
797,797,mistershy
798,798,jayaram
799,799,jeandossantos
800,800,donutsaredelish
801,801,amazing-grace
802,802,mishkajap
803,803,almachess
804,804,shakailham
805,805,newbieee
806,806,david453
807,807,arfhan
808,808,rishirajbaul
809,809,xxcrunchypebblexx
810,810,jpadron19
811,811,unantha
812,812,dinobzik
813,813,bert9999
814,814,area11
815,815,rezamoghimi2020
816,816,snowden
817,817,theamazingsword
818,818,littlekitty83
819,819,trickysuperfreak
820,820,smartduckduckcow
821,821,elvispy65
822,822,pilki
823,823,nadanadora
824,824,cullarvega
825,825,kastorcito
826,826,stutberidze
827,827,trashmaster
828,828,ssf7
829,829,jul-ana
830,830,momas
831,831,gqueen
832,832,ericksn
833,833,synt3grate
834,834,morteza0088996655
835,835,elcidestaron
836,836,destroyer4
837,837,ahmadirr
838,838,faridov
839,839,dpoty
840,840,shijima220
841,841,cdvh
842,842,johnny_kensington
843,843,blassterkal
844,844,salmonfish
845,845,bwalmer
846,846,kaoruko
847,847,grigorich
848,848,killerbromean
849,849,christkaps
850,850,alex_anaua
851,851,knightlight_mdk
852,852,tmontechess44
853,853,serg0901
854,854,aboud
855,855,godk2001
856,856,atchayam
857,857,cro_chess_fan
858,858,elijahreese
859,859,hatterix
860,860,sadlittleturtle
861,861,v1chess
862,862,nuffsaidm8
863,863,vevo57
864,864,kurtbusch
865,865,zen3000
866,866,julieana
867,867,masoud30
868,868,willyjohnson
869,869,abbykoopman22
870,870,marellik
871,871,apicots
872,872,the_loving_boy
873,873,elshainker
874,874,trotil45
875,875,tony98000
876,876,dhernandez101
877,877,aftandil
878,878,thatguythatistr
879,879,pietaritamminen
880,880,omniomega77
881,881,aka121
882,882,vladimir_shindin
883,883,erdem2008
884,884,bocadagod
885,885,sailor7
886,886,drmoeller
887,887,edenshaul
888,888,leo_tycho
889,889,anonyaus123456789
890,890,chessgal2003
891,891,amo_0
892,892,jlee96
893,893,checkerssux
894,894,misfox
895,895,myklfriend
896,896,generationx
897,897,ineedhacks
898,898,flafel26
899,899,chessnbreasts
900,900,fistiko
901,901,freeed0m_j
902,902,sparklehorse
903,903,wisepanther
904,904,thunder2008
905,905,kevchod
906,906,kingslayer92
907,907,tironislux
908,908,fishoutofwater
909,909,ecstasydrug
910,910,livia_dq1
911,911,rehcsif6rehcsif
912,912,clash_royale
913,913,back_space
914,914,wellsaid
915,915,bobbytal
916,916,ashishbarda
917,917,kylecuver1
918,918,ozguragarr
919,919,madd_hatter
920,920,gezim
921,921,badpuppy
922,922,vovkakuz
923,923,xbishop
924,924,dakotarain
925,925,jackydawg
926,926,mahmoud_safyan
927,927,zher0
928,928,generiklemons
929,929,dsom
930,930,kakhoofd
931,931,vfhfnvfhfn22
932,932,mymanmitch65
933,933,mansoor_k11
934,934,yyo
935,935,chipmell
936,936,kvs
937,937,irishman012
938,938,slon-al
939,939,kostastop1526
940,940,lbringer
941,941,e_boechat
942,942,mrhawk
943,943,erdene123
944,944,tfeng
945,945,widja
946,946,sugarmike
947,947,le_truand
948,948,crazyscientist1
949,949,shreyposhiya
950,950,sgis
951,951,sveenemand
952,952,napoleon22
953,953,wizard_nick
954,954,cantaloop
955,955,dipset
956,956,doom12384
957,957,anastasia2009
958,958,aqwert
959,959,sureka_akshat
960,960,dregassa
961,961,vanitasmarilyn
962,962,deadintheend
963,963,chessbro47
964,964,milancuruvija
965,965,jjlopez
966,966,1240100948
967,967,bobblehead9898
968,968,evianwahter
969,969,goldenfox99
970,970,bignoob1409
971,971,trexchess
972,972,balash
973,973,youngmoney2299
974,974,valmasia3
975,975,egor-220
976,976,iamaliveandbored
977,977,masquerade
978,978,amirhossein2014
979,979,jamesrob0t123
980,980,whfo
981,981,zazz4
982,982,nulozechecs
983,983,ridics
984,984,anra_d
985,985,lanas2007
986,986,total_chess
987,987,dragon__slayer
988,988,anudeep_nani1501
989,989,reza-kondazi
990,990,prados
991,991,mrtx
992,992,bdeathkiller
993,993,sysodaff
994,994,efeozbakir1
995,995,woodham
996,996,pooperic
997,997,engcondor
998,998,s-a
999,999,2700172
1000,1000,ospreyt
1001,1001,hayati
1002,1002,chessbuzz17
1003,1003,odxaan
1004,1004,soric
1005,1005,lucatiel-of-mirrah
1006,1006,dastan-2009
1007,1007,chiggen
1008,1008,nesa10
1009,1009,joelitrox1234
1010,1010,ghaffari
1011,1011,abaraba
1012,1012,singyoursong42
1013,1013,aswer
1014,1014,personalidad
1015,1015,tonyhuang19
1016,1016,mrunank
1017,1017,sam540
1018,1018,ur-ru
1019,1019,kaliayev
1020,1020,bassboy
1021,1021,traced
1022,1022,jg2017
1023,1023,itsmagic
1024,1024,javed-8168
1025,1025,bpgbcg
1026,1026,jbosch
1027,1027,kachess10204542
1028,1028,mouhieddine
1029,1029,alex28195
1030,1030,tidalbutt
1031,1031,lightfoot
1032,1032,doraemon61
1033,1033,fire7
1034,1034,kaushik007
1035,1035,poocasso
1036,1036,brunodecarry
1037,1037,dogmang
1038,1038,jesuisenechec
1039,1039,aran09
1040,1040,sergeiv011988
1041,1041,briseidalinnankivi
1042,1042,fisherman1
1043,1043,chess-brahs
1044,1044,enesbatu
1045,1045,abujssar
1046,1046,flamemaster51
1047,1047,intrepido
1048,1048,duckduckcow
1049,1049,iigames
1050,1050,khemar
1051,1051,zaki_ryad
1052,1052,zsisk22
1053,1053,roman_pham
1054,1054,ihsan2424
1055,1055,marmoraka5
1056,1056,aliamini
1057,1057,omid163
1058,1058,clydefrog
1059,1059,tigersounak
1060,1060,sammybag101
1061,1061,borreebuckets
1062,1062,skylar-morgan123
1063,1063,chess-stat
1064,1064,darkknight11111
1065,1065,leatherback
1066,1066,pankr
1067,1067,bischopscup
1068,1068,thechessdetective
1069,1069,pachiviris
1070,1070,irishockey
1071,1071,blitzfofun
1072,1072,shoshonte
1073,1073,greenpeace48
1074,1074,grigoriy-66
1075,1075,julien63000
1076,1076,cookieblake
1077,1077,spiteknight
1078,1078,andrei70ster
1079,1079,napoleon_solo
1080,1080,beastly
1081,1081,cakmakfevzi2012
1082,1082,todorowk
1083,1083,alwi
1084,1084,gambitsforlife
1085,1085,amir2002zzz
1086,1086,zubkov1
1087,1087,ogeldi
1088,1088,vukosi
1089,1089,easydoor
1090,1090,aristokrat2192
1091,1091,okanava
1092,1092,andreas636
1093,1093,andyfi
1094,1094,lapeque
1095,1095,the-hacker
1096,1096,tactical_bishop
1097,1097,wizzards
1098,1098,chunkymonkey
1099,1099,antons
1100,1100,sollids
1101,1101,nederlander2
1102,1102,rubikstein
1103,1103,dragonstar1738
1104,1104,jeffersondarcy1
1105,1105,danilo1961
1106,1106,micahkohn
1107,1107,cselhu3
1108,1108,alexmalando
1109,1109,mamaszachistka
1110,1110,enricolord
1111,1111,majstor2650
1112,1112,sudebala
1113,1113,theblairloggie
1114,1114,bear789
1115,1115,hebi
1116,1116,fandm-lancaster
1117,1117,dac23
1118,1118,toan798
1119,1119,yazeed_bani_saleem
1120,1120,tramurr
1121,1121,hick4u1219
1122,1122,y_d
1123,1123,meroxa
1124,1124,thegreatman06
1125,1125,arsenelupin1620
1126,1126,cilentano002
1127,1127,makegus1
1128,1128,schlendryan
1129,1129,gintokichimaru
1130,1130,giosav
1131,1131,i_am_mariam
1132,1132,juanandete
1133,1133,khelil
1134,1134,jyotirmoy1997
1135,1135,pal2310
1136,1136,avichal
1137,1137,kyzuro
1138,1138,monstruodelnorte
1139,1139,naoufel
1140,1140,antnishu
1141,1141,cheateralert
1142,1142,tajberdi
1143,1143,dellinspiron25
1144,1144,pasch0s
1145,1145,eraldii
1146,1146,lynnpv
1147,1147,dboenn
1148,1148,zapala
1149,1149,popabear
1150,1150,tengiz12
1151,1151,marigw
1152,1152,chessknight797
1153,1153,campionesv
1154,1154,duckduckfrog
1155,1155,neays2390
1156,1156,justindong
1157,1157,fischerdipper
1158,1158,jara_h
1159,1159,fazkaz
1160,1160,snaek161616
1161,1161,dillsgambitlive
1162,1162,hockeytv
1163,1163,atrophied
1164,1164,antonate
1165,1165,amanan
1166,1166,mamaduck
1167,1167,erik_manukyan
1168,1168,brucewayne100
1169,1169,st2orm
1170,1170,ezzdinus
1171,1171,king5891
1172,1172,juansnow
1173,1173,lupanama
1174,1174,philippinepride
1175,1175,bowwow
1176,1176,apalin
1177,1177,lilbigjay
1178,1178,theanonymousone
1179,1179,kamilahhuds
1180,1180,trouty1997
1181,1181,daria69
1182,1182,aquinas
1183,1183,kasparov3000
1184,1184,cboss446
1185,1185,lon123456789
1186,1186,binoxmen
1187,1187,howchessyt
1188,1188,niagrad
1189,1189,alichess68
1190,1190,vares
1191,1191,cliward132
1192,1192,atarasenko
1193,1193,nik99
1194,1194,falcon3404
1195,1195,mr47
1196,1196,dusanmunja_003
1197,1197,the_stuperman
1198,1198,siindbad
1199,1199,chippy
1200,1200,fjsr
1201,1201,renanreis
1202,1202,kayvan0098
1203,1203,evolutionrus
1204,1204,dude_perfect
1205,1205,sosnovsky
1206,1206,zilzalon
1207,1207,msexeter
1208,1208,codagirl
1209,1209,t3v3a3d
1210,1210,jakubsagitario17
1211,1211,ak6664
1212,1212,mrmaccc
1213,1213,sergeypolozhiev
1214,1214,a55s72
1215,1215,stevenemily
1216,1216,gil
1217,1217,mordon
1218,1218,vector1
1219,1219,chessed321
1220,1220,knight602
1221,1221,charzi
1222,1222,lahayejose012
1223,1223,aleph6
1224,1224,shadytoffeebackup
1225,1225,flaxl
1226,1226,part74
1227,1227,kingcrazy99
1228,1228,drew666
1229,1229,adictochesser
1230,1230,swordswiper
1231,1231,gilbertvai
1232,1232,ricardo_barbieri
1233,1233,unrim
1234,1234,pmw97
1235,1235,mr_pablo
1236,1236,sergiokumic
1237,1237,aleksander10032007
1238,1238,guru200773
1239,1239,smartguy101
1240,1240,giigii
1241,1241,lemarktwainkie
1242,1242,rembrandt16
1243,1243,jaivl
1244,1244,reubpear
1245,1245,javi_r
1246,1246,element4life
1247,1247,mrphaseolusvulgaris
1248,1248,nightofblacksnow
1249,1249,martan1208
1250,1250,stve400231
1251,1251,ajps17
1252,1252,jejeh
1253,1253,xxofficialmasterxx
1254,1254,mohammad1361
1255,1255,ethan_3f
1256,1256,ehsanundertaker
1257,1257,oso_bucholz
1258,1258,ayax5000
1259,1259,nullbyte
1260,1260,mvl9000
1261,1261,apfelschalen
1262,1262,paul91
1263,1263,jerusseust
1264,1264,dsjoerg
1265,1265,azomio
1266,1266,hungcuong
1267,1267,mehdi271
1268,1268,cutiepanda
1269,1269,tutubelezza
1270,1270,tbrenzel
1271,1271,jialak
1272,1272,lifeandstuff
1273,1273,allwind
1274,1274,simple-player
1275,1275,cowcowcuw123
1276,1276,kferapont
1277,1277,rfabian
1278,1278,maks31
1279,1279,razzzzy
1280,1280,vinhasale
1281,1281,stunning_star
1282,1282,whatnext
1283,1283,erikweisz
1284,1284,chess_bros123
1285,1285,vcoves
1286,1286,dbmcdonald
1287,1287,mn8
1288,1288,eru_roraito
1289,1289,kaksefc
1290,1290,kryptik
1291,1291,micaiahwa
1292,1292,kerilka
1293,1293,true_god
1294,1294,blaz58
1295,1295,ayman78
1296,1296,leon1999
1297,1297,philipp_0x
1298,1298,ewigestalent
1299,1299,chessninja6
1300,1300,zixi52
1301,1301,ytdvvc
1302,1302,konatok
1303,1303,evansimone
1304,1304,f1v3
1305,1305,b2g4gotu
1306,1306,bosspotato
1307,1307,qwertygotousakorea
1308,1308,alvin_cruz
1309,1309,nork
1310,1310,howdoichess96
1311,1311,yuredouglas
1312,1312,adhen
1313,1313,vic_mark
1314,1314,vineetg101
1315,1315,sansebastian
1316,1316,ajji58
1317,1317,chiefjab
1318,1318,taborluna
1319,1319,frozen8413
1320,1320,mccheese
1321,1321,chessninja48
1322,1322,aidenleahycrooks
1323,1323,akmar
1324,1324,sonicsfe
1325,1325,gymhgy
1326,1326,samilou123
1327,1327,improbablyhigh
1328,1328,cris36
1329,1329,iechoic
1330,1330,tetley
1331,1331,huntermind
1332,1332,be0wulf
1333,1333,amsou
1334,1334,theshelton
1335,1335,loris04
1336,1336,greybeard23
1337,1337,lcf64
1338,1338,roothpd
1339,1339,icecreamdealer
1340,1340,binder47
1341,1341,anakgreget
1342,1342,chineseboy42
1343,1343,masonpafun
1344,1344,siinaa
1345,1345,ntam
1346,1346,jonkuc
1347,1347,oggy04
1348,1348,vladimirzozulya1500
1349,1349,az_99
1350,1350,skuppam3
1351,1351,supersapien55
1352,1352,liamxddd
1353,1353,zaeemalam
1354,1354,aridaybordon
1355,1355,fjachess
1356,1356,jabekens
1357,1357,fichess
1358,1358,lcover
1359,1359,nitin123
1360,1360,lifchrs
1361,1361,maumau62
1362,1362,ramin6009
1363,1363,peterqiu
1364,1364,zynko
1365,1365,thehutchtouch
1366,1366,benuard
1367,1367,albertlai431
1368,1368,apis11
1369,1369,pink-flower
1370,1370,betweentwopawns
1371,1371,bugzzila
1372,1372,stellanova
1373,1373,thebadfish
1374,1374,nakuradesu
1375,1375,xamio
1376,1376,ahmedgomez
1377,1377,first-time-1
1378,1378,lightningviper
1379,1379,drunkenfluteplayer
1380,1380,soultego
1381,1381,snapper
1382,1382,prototip
1383,1383,bloonfreakster
1384,1384,helykopter33
1385,1385,arturfritz
1386,1386,gmbeast
1387,1387,jopeshdamaster
1388,1388,toni4127
1389,1389,cocororo
1390,1390,klemi
1391,1391,loukas435
1392,1392,vkmansftw
1393,1393,glzrchess
1394,1394,vitaminex
1395,1395,sesh
1396,1396,zhaska
1397,1397,arnomass
1398,1398,felipe_freires
1399,1399,chessderek
1400,1400,steelviper
1401,1401,rps_1899
1402,1402,adivanov2009
1403,1403,ivan_franko
1404,1404,abdiellopez4
1405,1405,tienc12345
1406,1406,spitfire999
1407,1407,chessmolester
1408,1408,selami011235
1409,1409,alexmorato
1410,1410,alfredo17
1411,1411,muorota
1412,1412,anonymous_enemy
1413,1413,plr9415
1414,1414,hasan_al-banna
1415,1415,bontakriks
1416,1416,chesslearningpro
1417,1417,sassou
1418,1418,potatietots
1419,1419,tabellaria
1420,1420,leks86
1421,1421,alliekatxoxo1
1422,1422,lubo10
1423,1423,thepound
1424,1424,tomo1997
1425,1425,voodooo
1426,1426,jomax100
1427,1427,willdaplum
1428,1428,mathhopper
1429,1429,stethoscopes
1430,1430,b6a8h
1431,1431,chesswithmom
1432,1432,smileyface1236
1433,1433,artesano08
